<?xml version="1.0" encoding="UTF-8"?>
<beans xmlns="http://www.springframework.org/schema/beans"
	xmlns:xsi="http://www.w3.org/2001/XMLSchema-instance"
	xmlns:context="http://www.springframework.org/schema/context"
	xsi:schemaLocation="http://www.springframework.org/schema/beans
            http://www.springframework.org/schema/beans/spring-beans.xsd
            http://www.springframework.org/schema/context
            http://www.springframework.org/schema/context/spring-context-3.0.xsd">



	<bean id="tea1" class="com.jsp.teacher.Teacher">
		<constructor-arg name="id" value="1"></constructor-arg>
		<constructor-arg name="name" value="Malli"></constructor-arg>
		<constructor-arg name="sal" value="40000.00"></constructor-arg>

	</bean>

	<bean id="tea2" class="com.jsp.teacher.Teacher2">

		<property name="id" value="02"></property>
		<property name="name" value="Sujji"></property>
		<property name="sal" value="60000.00"></property>


	</bean>
	
	



</beans>